{
  "pair-1": {
    "r1-1": [
      [
        8.232233047033631,
        0.23223304703363135
      ],
      [
        6.232233047033631,
        2.232233047033631
      ],
      [
        9.767766952966369,
        5.767766952966369
      ],
      [
        11.767766952966369,
        3.767766952966369
      ]
    ],
    "r1-2": [
      [
        4.878679656440358,
        7.121320343559642
      ],
      [
        5.878679656440358,
        8.121320343559642
      ],
      [
        10.121320343559642,
        3.8786796564403576
      ],
      [
        9.121320343559642,
        2.8786796564403576
      ]
    ]
  },
  "pair-2": {
    "r2-1": [
      [
        6.393660937409168,
        7.42535625036333
      ],
      [
        2.3936609374091677,
        6.42535625036333
      ],
      [
        3.6063390625908323,
        1.57464374963667
      ],
      [
        7.606339062590832,
        2.57464374963667
      ]
    ],
    "r2-2": [
      [
        4.051316701949486,
        8.846049894151541
      ],
      [
        7.051316701949486,
        9.846049894151541
      ],
      [
        8.948683298050513,
        4.153950105848459
      ],
      [
        5.948683298050514,
        3.153950105848459
      ]
    ]
  },
  "pair-3": {
    "r3-1": [
      [
        1.6583592135001262,
        7.670820393249937
      ],
      [
        2.658359213500126,
        9.670820393249937
      ],
      [
        5.341640786499874,
        8.329179606750063
      ],
      [
        4.341640786499874,
        6.329179606750063
      ]
    ],
    "r3-2": [
      [
        4.272393124891001,
        1.0895724995640044
      ],
      [
        8.272393124891002,
        0.08957249956400437
      ],
      [
        9.727606875108998,
        5.910427500435995
      ],
      [
        5.727606875108999,
        6.910427500435995
      ]
    ]
  },
  "pair-4": {
    "r4-1": [
      [
        5.258565354139229,
        -0.21841539816034272
      ],
      [
        1.2585653541392285,
        8.781584601839658
      ],
      [
        6.741434645860771,
        11.218415398160342
      ],
      [
        10.741434645860771,
        2.2184153981603427
      ]
    ],
    "r4-2": [
      [
        7.335899411324313,
        6.109400392450459
      ],
      [
        5.335899411324313,
        3.1094003924504583
      ],
      [
        8.664100588675687,
        0.8905996075495417
      ],
      [
        10.664100588675687,
        3.8905996075495417
      ]
    ]
  },
  "pair-5": {
    "r5-1": [
      [
        3.0715233091147405,
        3.6788082727868514
      ],
      [
        8.07152330911474,
        1.6788082727868514
      ],
      [
        9.92847669088526,
        6.321191727213149
      ],
      [
        4.928476690885259,
        8.321191727213149
      ]
    ],
    "r5-2": [
      [
        3.658359213500126,
        10.683281572999748
      ],
      [
        5.658359213500126,
        11.683281572999748
      ],
      [
        8.341640786499873,
        6.316718427000252
      ],
      [
        6.341640786499874,
        5.316718427000252
      ]
    ]
  }
}